                  epoch,         train/box_loss,         train/cls_loss,         train/dfl_loss,   metrics/precision(B),      metrics/recall(B),       metrics/mAP50(B),    metrics/mAP50-95(B),           val/box_loss,           val/cls_loss,           val/dfl_loss,                 lr/pg0,                 lr/pg1,                 lr/pg2
                      1,                0.79658,                 1.4523,                 1.0205,                0.98862,                0.79572,                0.96605,                0.79523,                0.60954,                 2.0054,                0.90988,              0.0032828,              0.0032828,              0.0032828
                      2,                0.79814,                0.84387,                 1.0067,                0.93382,                0.91371,                 0.9644,                0.73864,                0.78813,                0.89774,                0.97124,              0.0065943,              0.0065943,              0.0065943
                      3,                0.87942,                0.81362,                 1.0574,                0.85319,                0.77035,                0.87469,                0.59143,                 1.0632,                 1.0796,                 1.2161,              0.0098838,              0.0098838,              0.0098838
                      4,                  0.953,                0.79245,                 1.1046,                0.38114,                0.30666,                0.23337,                0.10488,                   2.04,                 2.9818,                 2.2927,               0.009901,               0.009901,               0.009901
                      5,                0.92327,                 0.7251,                  1.094,                0.86687,                0.71198,                0.84565,                0.59979,                  1.022,                 1.2765,                 1.2316,               0.009901,               0.009901,               0.009901
                      6,                0.89028,                0.67936,                 1.0829,                0.86885,                0.81746,                0.89593,                 0.6288,                 1.0289,                0.87391,                 1.2045,               0.009868,               0.009868,               0.009868
                      7,                0.89041,                0.67311,                 1.0811,                0.89253,                0.82651,                 0.9104,                0.65465,                0.95508,                0.86151,                 1.1552,               0.009835,               0.009835,               0.009835
                      8,                0.86087,                0.63822,                 1.0704,                0.93019,                0.87909,                 0.9483,                0.72644,                0.80173,                0.62838,                 1.0545,               0.009802,               0.009802,               0.009802
                      9,                 0.8327,                 0.6019,                  1.053,                0.86722,                0.82896,                 0.8998,                0.67092,                0.86939,                  0.753,                 1.1104,               0.009769,               0.009769,               0.009769
                     10,                 0.8285,                0.60168,                 1.0605,                0.93159,                0.86516,                0.94505,                0.73808,                 0.7929,                0.61645,                  1.041,               0.009736,               0.009736,               0.009736
                     11,                0.82835,                0.59188,                 1.0584,                0.88309,                0.85767,                0.92329,                0.71225,                0.81712,                0.63326,                 1.0629,               0.009703,               0.009703,               0.009703
                     12,                0.81681,                0.58133,                 1.0513,                0.92599,                0.90193,                0.95389,                0.74004,                 0.7799,                0.62526,                 1.0375,                0.00967,                0.00967,                0.00967
                     13,                0.78968,                 0.5641,                 1.0398,                0.93561,                0.88088,                0.94935,                0.73925,                0.79492,                 0.6072,                 1.0512,               0.009637,               0.009637,               0.009637
                     14,                 0.7931,                0.56361,                 1.0402,                0.93383,                0.88577,                0.95035,                0.74625,                0.78046,                0.55916,                 1.0272,               0.009604,               0.009604,               0.009604
                     15,                0.77733,                0.54326,                 1.0323,                0.94102,                0.89188,                0.95905,                0.77353,                 0.6991,                 0.5538,                 1.0006,               0.009571,               0.009571,               0.009571
                     16,                 0.7802,                0.54606,                 1.0345,                0.94027,                 0.9157,                0.96608,                0.77623,                0.70795,                0.50156,                 1.0044,               0.009538,               0.009538,               0.009538
                     17,                  0.768,                0.53081,                 1.0314,                0.93979,                0.90165,                 0.9631,                0.77801,                0.72407,                0.50522,                 1.0041,               0.009505,               0.009505,               0.009505
                     18,                0.75341,                0.52147,                 1.0229,                   0.94,                0.89954,                0.95854,                0.77961,                0.71209,                0.50102,                 1.0046,               0.009472,               0.009472,               0.009472
                     19,                0.75681,                0.52789,                  1.029,                0.95228,                0.91142,                0.96948,                0.79655,                0.68003,                0.45706,                0.97232,               0.009439,               0.009439,               0.009439
                     20,                0.75397,                0.51408,                 1.0258,                0.94153,                0.86564,                0.95164,                0.76373,                0.72802,                0.51929,                 1.0109,               0.009406,               0.009406,               0.009406
                     21,                0.74496,                 0.5186,                 1.0212,                0.94669,                0.91122,                0.97054,                0.79703,                0.67391,                0.46989,                0.97198,               0.009373,               0.009373,               0.009373
                     22,                0.73283,                0.50271,                 1.0155,                0.96345,                0.88638,                0.96126,                0.78709,                0.69129,                0.45951,                0.97857,                0.00934,                0.00934,                0.00934
                     23,                0.73958,                0.50238,                 1.0183,                0.94033,                0.91459,                0.96536,                0.78365,                0.73076,                0.49043,                 1.0175,               0.009307,               0.009307,               0.009307
                     24,                0.72671,                0.49187,                 1.0114,                0.94014,                0.91139,                0.96206,                0.79576,                0.66868,                0.49581,                0.97574,               0.009274,               0.009274,               0.009274
                     25,                0.73227,                0.49812,                 1.0174,                0.95614,                0.90558,                0.96596,                0.79052,                0.67944,                0.46979,                0.97047,               0.009241,               0.009241,               0.009241
                     26,                0.72457,                0.49153,                   1.01,                0.94619,                0.90409,                0.96127,                 0.7883,                0.71207,                0.48558,                0.99693,               0.009208,               0.009208,               0.009208
                     27,                0.70666,                0.47632,                 1.0032,                0.95473,                0.90182,                0.96634,                0.81311,                0.63469,                0.44189,                0.95817,               0.009175,               0.009175,               0.009175
                     28,                0.72082,                0.48416,                  1.011,                0.96348,                 0.9212,                0.96996,                0.79353,                0.67633,                0.43291,                0.99811,               0.009142,               0.009142,               0.009142
                     29,                0.71054,                0.47396,                  1.004,                0.95312,                0.90959,                0.97131,                0.80554,                0.63606,                0.43272,                0.95993,               0.009109,               0.009109,               0.009109
                     30,                0.71169,                 0.4815,                 1.0102,                0.96331,                0.89982,                0.96668,                0.80555,                0.64426,                0.45153,                0.95758,               0.009076,               0.009076,               0.009076
                     31,                0.71405,                0.47755,                 1.0036,                 0.9476,                0.92059,                0.96968,                 0.8108,                0.64852,                0.44425,                0.96991,               0.009043,               0.009043,               0.009043
                     32,                0.70692,                0.47429,                 1.0076,                0.96013,                0.92683,                0.96788,                 0.8118,                 0.6301,                 0.4287,                0.95328,                0.00901,                0.00901,                0.00901
                     33,                0.69442,                0.45834,                0.99177,                0.94542,                 0.9312,                0.96873,                0.80782,                0.63858,                0.42491,                 0.9569,               0.008977,               0.008977,               0.008977
                     34,                0.68974,                0.46049,                0.99475,                0.96118,                0.90751,                 0.9677,                0.81047,                0.63526,                0.42176,                0.96823,               0.008944,               0.008944,               0.008944
                     35,                0.69629,                0.45891,                0.99874,                0.95624,                0.93036,                0.97383,                0.82538,                 0.6252,                0.39933,                0.94888,               0.008911,               0.008911,               0.008911
                     36,                0.68194,                0.45294,                0.99389,                0.96285,                0.91817,                0.97052,                0.82008,                0.61763,                0.41752,                0.95065,               0.008878,               0.008878,               0.008878
                     37,                 0.6908,                0.46392,                0.99435,                0.95331,                0.90531,                0.96893,                0.81154,                0.64831,                0.42696,                0.96382,               0.008845,               0.008845,               0.008845
                     38,                0.69203,                0.45925,                 1.0002,                0.96408,                0.92547,                0.97633,                0.82807,                0.60748,                0.39022,                0.94485,               0.008812,               0.008812,               0.008812
                     39,                 0.6866,                0.45526,                0.99334,                0.94547,                0.93215,                0.97699,                0.82439,                   0.62,                0.39247,                0.95035,               0.008779,               0.008779,               0.008779
                     40,                0.67867,                0.44865,                0.99225,                 0.9426,                0.94301,                0.97885,                0.83108,                0.60961,                0.37543,                0.93715,               0.008746,               0.008746,               0.008746
                     41,                0.68594,                0.45113,                0.99079,                0.96089,                0.93057,                0.97486,                0.83154,                0.61631,                0.39441,                0.93913,               0.008713,               0.008713,               0.008713
                     42,                0.68247,                0.44696,                0.99516,                0.94719,                0.92032,                0.97253,                0.82309,                0.61179,                0.41394,                0.94566,                0.00868,                0.00868,                0.00868
                     43,                0.67705,                0.44917,                0.99367,                0.94854,                0.94319,                0.97718,                0.84137,                0.59282,                0.38145,                0.93235,               0.008647,               0.008647,               0.008647
                     44,                 0.6813,                0.44471,                0.99188,                0.95118,                0.93708,                0.97513,                0.82906,                 0.6035,                0.38317,                0.94051,               0.008614,               0.008614,               0.008614
                     45,                0.66699,                0.43223,                0.98329,                0.95883,                0.93464,                0.97557,                0.82737,                0.60949,                0.39336,                0.94788,               0.008581,               0.008581,               0.008581
                     46,                0.67309,                0.44282,                0.98855,                0.95942,                0.93341,                0.97616,                 0.8452,                0.58709,                0.37968,                0.92293,               0.008548,               0.008548,               0.008548
                     47,                0.66254,                0.43254,                0.97962,                0.94638,                0.93799,                 0.9764,                0.83688,                0.59859,                0.37412,                0.93946,               0.008515,               0.008515,               0.008515
                     48,                0.66258,                0.43609,                0.97907,                0.95393,                0.93769,                0.97672,                0.83974,                0.58358,                0.37875,                0.92977,               0.008482,               0.008482,               0.008482
                     49,                0.66177,                0.43719,                0.98691,                0.95877,                0.93761,                0.97749,                 0.8341,                0.61546,                0.37723,                0.94839,               0.008449,               0.008449,               0.008449
                     50,                 0.6586,                0.43152,                0.97568,                0.96219,                0.93265,                0.97626,                0.83806,                0.59188,                0.36742,                0.92608,               0.008416,               0.008416,               0.008416
                     51,                 0.6573,                 0.4226,                0.97868,                0.95346,                0.93853,                0.97312,                0.83791,                0.58291,                0.36841,                0.93302,               0.008383,               0.008383,               0.008383
                     52,                0.65546,                0.42398,                0.97894,                0.96327,                0.92731,                0.97329,                0.83694,                0.59344,                 0.3681,                0.93324,                0.00835,                0.00835,                0.00835
                     53,                0.65756,                0.42729,                0.98034,                0.96541,                0.93036,                0.97834,                0.84472,                0.57944,                0.36416,                0.93717,               0.008317,               0.008317,               0.008317
                     54,                0.65102,                0.41714,                0.97357,                0.95543,                0.92967,                0.97645,                0.84314,                0.58731,                 0.3665,                 0.9297,               0.008284,               0.008284,               0.008284
                     55,                0.65081,                0.42475,                0.97232,                  0.953,                0.93341,                0.97478,                0.83789,                 0.5884,                0.37356,                0.93048,               0.008251,               0.008251,               0.008251
                     56,                0.66238,                0.42673,                0.98753,                0.96063,                0.92407,                0.97197,                0.84103,                0.59676,                0.39629,                0.93521,               0.008218,               0.008218,               0.008218
                     57,                0.64676,                0.42219,                0.98095,                0.96865,                 0.9248,                0.97636,                0.84265,                0.58053,                0.36616,                0.92392,               0.008185,               0.008185,               0.008185
                     58,                0.65352,                0.41744,                0.97849,                0.96066,                0.94319,                0.97823,                0.84671,                0.57231,                0.35846,                0.92592,               0.008152,               0.008152,               0.008152
                     59,                0.64223,                0.41655,                0.96689,                 0.9645,                0.94613,                0.98012,                0.84895,                0.57233,                0.34783,                0.92018,               0.008119,               0.008119,               0.008119
                     60,                0.64441,                0.41594,                0.97569,                0.94821,                0.94319,                0.97559,                 0.8393,                0.57989,                0.36941,                0.92764,               0.008086,               0.008086,               0.008086
                     61,                0.65134,                0.41507,                0.97685,                0.96694,                0.92915,                0.97985,                0.85176,                0.56644,                0.34654,                0.92032,               0.008053,               0.008053,               0.008053
                     62,                0.63229,                0.40636,                0.96509,                0.96355,                 0.9267,                0.97575,                0.84398,                0.57328,                0.35635,                0.92998,                0.00802,                0.00802,                0.00802
                     63,                0.64005,                0.41103,                0.97321,                0.96383,                0.92792,                0.97588,                0.84957,                0.57111,                0.34618,                0.92269,               0.007987,               0.007987,               0.007987
                     64,                0.63946,                 0.4078,                0.96965,                0.95761,                0.93837,                0.97674,                0.84514,                0.57442,                0.35395,                0.92543,               0.007954,               0.007954,               0.007954
                     65,                  0.635,                0.40838,                0.96781,                0.95966,                0.94013,                0.97789,                0.84251,                0.58323,                 0.3551,                 0.9224,               0.007921,               0.007921,               0.007921
                     66,                0.63878,                0.40485,                0.97264,                 0.9608,                0.93952,                0.97841,                0.84828,                0.55913,                0.35342,                0.91596,               0.007888,               0.007888,               0.007888
                     67,                 0.6336,                0.40646,                0.97119,                 0.9683,                0.93293,                0.97755,                0.84607,                0.57772,                0.35025,                0.92093,               0.007855,               0.007855,               0.007855
                     68,                0.63211,                 0.4051,                0.96732,                0.97002,                0.92896,                0.97831,                0.85538,                0.55645,                0.33747,                0.91196,               0.007822,               0.007822,               0.007822
                     69,                0.63403,                0.40348,                0.96458,                0.95809,                0.93403,                 0.9737,                0.85184,                0.56053,                0.35131,                0.92186,               0.007789,               0.007789,               0.007789
                     70,                0.63478,                0.40686,                 0.9698,                0.95715,                0.94146,                0.97861,                0.85043,                0.56953,                0.33881,                0.92512,               0.007756,               0.007756,               0.007756
                     71,                0.62571,                0.39776,                0.96298,                0.95948,                0.94011,                0.98076,                0.84208,                0.57218,                0.34418,                0.92945,               0.007723,               0.007723,               0.007723
                     72,                0.63606,                0.40161,                0.96805,                0.96276,                0.93036,                 0.9753,                 0.8517,                0.55756,                0.34857,                0.92016,                0.00769,                0.00769,                0.00769
                     73,                0.62111,                0.39891,                0.96363,                0.95781,                0.94295,                 0.9787,                0.85591,                0.56069,                0.33847,                0.92288,               0.007657,               0.007657,               0.007657
                     74,                0.62744,                0.39766,                0.96257,                0.95308,                0.94309,                0.97684,                0.84906,                0.58298,                0.34875,                0.91963,               0.007624,               0.007624,               0.007624
                     75,                0.62729,                0.39585,                0.96431,                0.95487,                0.94361,                0.98075,                0.85513,                 0.5501,                0.33727,                  0.911,               0.007591,               0.007591,               0.007591
                     76,                0.61975,                0.39368,                 0.9598,                0.96032,                0.94502,                0.98288,                0.85752,                0.54764,                 0.3325,                0.91205,               0.007558,               0.007558,               0.007558
                     77,                0.62262,                0.39441,                0.96442,                 0.9683,                0.94013,                0.98047,                0.86286,                0.54329,                0.33092,                0.90861,               0.007525,               0.007525,               0.007525
                     78,                0.62031,                0.39018,                0.95939,                0.97011,                0.93525,                0.97713,                0.85663,                0.55371,                0.33371,                0.91103,               0.007492,               0.007492,               0.007492
                     79,                0.61927,                0.39683,                0.96434,                0.96368,                0.94005,                0.97747,                0.86014,                0.55381,                0.33054,                0.91146,               0.007459,               0.007459,               0.007459
                     80,                0.61664,                0.39613,                0.96458,                0.97146,                0.93569,                0.97942,                0.86243,                0.54697,                0.32488,                 0.9159,               0.007426,               0.007426,               0.007426
                     81,                0.61856,                0.39214,                0.95843,                0.96841,                0.93634,                0.98002,                0.86273,                0.54579,                0.32751,                0.91458,               0.007393,               0.007393,               0.007393
                     82,                0.60826,                0.38474,                0.95631,                0.95513,                 0.9493,                0.97794,                0.85927,                0.53849,                0.32399,                0.90315,                0.00736,                0.00736,                0.00736
                     83,                0.61484,                0.38578,                0.95861,                0.95607,                0.94319,                0.98128,                0.86018,                0.55765,                0.32455,                0.91859,               0.007327,               0.007327,               0.007327
                     84,                0.61016,                0.38246,                 0.9541,                0.96788,                0.93886,                 0.9802,                0.85987,                0.54974,                0.32972,                0.90753,               0.007294,               0.007294,               0.007294
                     85,                0.61021,                0.38369,                0.95292,                0.97413,                0.94303,                0.98291,                 0.8684,                0.53902,                0.31508,                0.90836,               0.007261,               0.007261,               0.007261
                     86,                0.60853,                0.38123,                0.95478,                0.97266,                0.93464,                0.98173,                 0.8672,                0.54256,                0.31774,                0.90899,               0.007228,               0.007228,               0.007228
                     87,                0.61563,                 0.3878,                0.96193,                 0.9625,                0.94069,                0.97961,                0.86521,                0.54241,                0.32511,                0.91017,               0.007195,               0.007195,               0.007195
                     88,                0.61377,                0.38392,                0.95902,                0.95267,                0.94671,                0.98024,                0.86663,                0.53529,                0.32458,                0.90695,               0.007162,               0.007162,               0.007162
                     89,                0.60625,                0.38296,                0.95461,                0.97074,                0.93891,                0.97804,                0.86511,                0.53279,                0.31848,                0.90328,               0.007129,               0.007129,               0.007129
                     90,                0.59814,                0.38181,                0.95117,                0.97086,                0.93638,                0.97834,                0.85871,                0.53804,                0.32576,                0.90185,               0.007096,               0.007096,               0.007096
                     91,                 0.6189,                0.38762,                 0.9656,                 0.9677,                0.93708,                0.98035,                0.86551,                0.53181,                0.31907,                0.90576,               0.007063,               0.007063,               0.007063
                     92,                 0.6161,                0.38406,                0.95949,                0.97361,                0.93708,                0.97736,                0.86327,                0.54169,                0.32591,                0.90638,                0.00703,                0.00703,                0.00703
                     93,                0.60367,                0.37843,                0.95242,                0.97399,                0.93403,                 0.9785,                0.86817,                0.53208,                0.31865,                0.90375,               0.006997,               0.006997,               0.006997
                     94,                0.60555,                0.37738,                0.95382,                0.96704,                 0.9383,                0.98048,                0.86376,                0.53157,                 0.3168,                0.90504,               0.006964,               0.006964,               0.006964
                     95,                0.60265,                0.37782,                0.95349,                0.96796,                0.93525,                0.97871,                0.86652,                0.53515,                0.31876,                0.90402,               0.006931,               0.006931,               0.006931
                     96,                0.60143,                0.37241,                0.95348,                 0.9632,                0.94343,                0.97921,                0.86184,                0.53027,                0.31924,                0.90962,               0.006898,               0.006898,               0.006898
                     97,                0.59731,                0.37638,                0.94949,                0.95825,                0.94013,                0.97837,                0.86334,                0.53666,                0.32128,                 0.9129,               0.006865,               0.006865,               0.006865
                     98,                0.60295,                0.37662,                0.95867,                0.96696,                0.94747,                0.98214,                0.86445,                0.53991,                  0.318,                0.91108,               0.006832,               0.006832,               0.006832
                     99,                0.59098,                 0.3686,                0.94781,                0.96759,                0.94441,                0.97988,                0.86755,                0.53165,                0.31686,                0.90686,               0.006799,               0.006799,               0.006799
                    100,                0.60199,                0.37534,                0.95159,                0.96245,                0.94746,                0.98126,                0.86263,                0.52841,                0.31391,                 0.9063,               0.006766,               0.006766,               0.006766
                    101,                 0.5932,                0.37102,                0.94894,                0.97548,                0.93464,                0.98305,                0.86996,                0.52619,                0.30728,                0.90423,               0.006733,               0.006733,               0.006733
                    102,                0.60161,                0.37072,                0.95599,                0.97003,                0.94892,                0.98037,                0.86686,                0.53394,                0.30453,                0.91414,                 0.0067,                 0.0067,                 0.0067
                    103,                0.59844,                0.37109,                0.95674,                0.96741,                0.94319,                0.98071,                0.86959,                0.53275,                0.31411,                0.90606,               0.006667,               0.006667,               0.006667
                    104,                0.58989,                0.36978,                0.94755,                0.96393,                0.94441,                 0.9822,                 0.8709,                0.52695,                0.29789,                0.90487,               0.006634,               0.006634,               0.006634
                    105,                0.58998,                 0.3655,                0.95123,                0.96036,                0.94723,                0.97959,                0.86543,                0.53495,                0.30773,                0.90778,               0.006601,               0.006601,               0.006601
                    106,                0.58703,                0.36339,                 0.9494,                0.97708,                0.93647,                0.97936,                0.87285,                0.52356,                0.30818,                0.90763,               0.006568,               0.006568,               0.006568
                    107,                0.58878,                0.36309,                0.94761,                0.96392,                0.94667,                 0.9793,                 0.8708,                0.52545,                0.31804,                0.89946,               0.006535,               0.006535,               0.006535
                    108,                0.59117,                0.36966,                0.95179,                0.96813,                0.94637,                0.98123,                 0.8721,                0.52125,                0.31505,                0.89906,               0.006502,               0.006502,               0.006502
                    109,                0.58641,                0.36003,                0.94832,                0.96082,                0.94441,                 0.9812,                0.87431,                0.50666,                0.30758,                0.89373,               0.006469,               0.006469,               0.006469
                    110,                0.58389,                0.36361,                0.94366,                0.96924,                0.94502,                0.97927,                0.87047,                0.52329,                0.30902,                0.90265,               0.006436,               0.006436,               0.006436
                    111,                0.58879,                0.36565,                0.94652,                0.95955,                0.94808,                0.97719,                0.86355,                0.53761,                0.31587,                0.91011,               0.006403,               0.006403,               0.006403
                    112,                0.59029,                0.37657,                0.94636,                0.96589,                0.94013,                 0.9782,                0.86697,                0.52707,                0.31466,                 0.9046,                0.00637,                0.00637,                0.00637
                    113,                 0.5946,                0.37396,                0.95448,                0.96332,                0.94624,                0.98086,                0.86751,                0.53207,                0.30594,                0.90506,               0.006337,               0.006337,               0.006337
                    114,                0.58388,                 0.3629,                0.94999,                0.96854,                0.94258,                0.98378,                0.87409,                0.52397,                0.29674,                0.89987,               0.006304,               0.006304,               0.006304
                    115,                0.58863,                0.36284,                0.94889,                0.96339,                0.94835,                 0.9852,                0.87563,                0.53103,                0.29573,                0.90817,               0.006271,               0.006271,               0.006271
                    116,                0.58081,                0.35949,                0.94553,                0.97279,                0.93952,                 0.9808,                0.87432,                0.52509,                0.30889,                0.90276,               0.006238,               0.006238,               0.006238
                    117,                0.58712,                0.36374,                 0.9503,                0.96869,                 0.9493,                0.98132,                0.87425,                0.51822,                0.29349,                0.90193,               0.006205,               0.006205,               0.006205
                    118,                0.59103,                0.36519,                0.94926,                0.97061,                0.94824,                0.98086,                0.87535,                0.51963,                0.29769,                0.90491,               0.006172,               0.006172,               0.006172
                    119,                0.58342,                0.35868,                0.94394,                0.97274,                0.94746,                0.98237,                0.87408,                0.52639,                0.29908,                0.90323,               0.006139,               0.006139,               0.006139
                    120,                0.58573,                0.36241,                0.94657,                0.96752,                0.94621,                0.98167,                0.87326,                0.52274,                 0.3005,                0.89916,               0.006106,               0.006106,               0.006106
                    121,                0.57939,                0.36242,                0.94064,                0.97203,                0.94624,                0.98139,                0.87436,                0.51573,                0.29305,                0.89726,               0.006073,               0.006073,               0.006073
                    122,                0.57943,                0.36178,                 0.9422,                0.97532,                0.94165,                0.98493,                0.87779,                0.51507,                0.29066,                0.89723,                0.00604,                0.00604,                0.00604
                    123,                 0.5766,                0.35625,                0.94085,                0.96941,                0.94873,                0.98392,                0.87613,                0.51602,                0.28911,                0.89481,               0.006007,               0.006007,               0.006007
                    124,                0.58055,                0.35587,                0.94179,                0.96926,                0.94808,                0.98292,                0.87769,                0.51542,                0.28941,                0.89875,               0.005974,               0.005974,               0.005974
                    125,                0.57267,                0.35505,                 0.9439,                0.97293,                0.94407,                0.98275,                 0.8777,                0.51733,                0.29288,                0.89814,               0.005941,               0.005941,               0.005941
                    126,                0.56619,                0.35181,                0.94477,                0.96877,                0.94741,                0.98274,                 0.8786,                0.51602,                0.29336,                0.89297,               0.005908,               0.005908,               0.005908
                    127,                0.59174,                0.37083,                0.95876,                0.96628,                0.94528,                0.98171,                0.87673,                0.51738,                0.29459,                0.89696,               0.005875,               0.005875,               0.005875
                    128,                0.57442,                0.35506,                0.94259,                0.96761,                0.94903,                0.98217,                0.87322,                0.51754,                0.29453,                0.89767,               0.005842,               0.005842,               0.005842
                    129,                0.55949,                0.34337,                0.93545,                0.96967,                0.95357,                0.98385,                0.87924,                0.51344,                0.28685,                0.89693,               0.005809,               0.005809,               0.005809
                    130,                0.57316,                0.34839,                0.94391,                0.96882,                 0.9493,                0.98263,                0.87917,                0.51631,                0.29573,                0.89834,               0.005776,               0.005776,               0.005776
                    131,                0.57726,                0.35569,                 0.9413,                0.97362,                0.94689,                0.98243,                0.87871,                 0.5146,                0.29423,                0.89842,               0.005743,               0.005743,               0.005743
                    132,                0.57127,                0.35581,                0.93921,                0.97537,                0.94349,                0.98241,                 0.8745,                0.52143,                0.29489,                0.90406,                0.00571,                0.00571,                0.00571
                    133,                 0.5689,                0.35304,                0.94164,                0.97533,                0.94177,                0.98181,                0.87573,                0.51665,                0.29043,                0.89986,               0.005677,               0.005677,               0.005677
                    134,                0.56574,                0.35408,                0.93741,                0.96354,                 0.9525,                0.98339,                0.87806,                0.51314,                0.28936,                0.89753,               0.005644,               0.005644,               0.005644
                    135,                0.56507,                0.34576,                0.93334,                0.96819,                0.94838,                0.98509,                0.87838,                0.51172,                0.28921,                0.89861,               0.005611,               0.005611,               0.005611
                    136,                0.56371,                0.34266,                0.93857,                0.97198,                0.94563,                  0.985,                0.87984,                0.50891,                0.28958,                0.89813,               0.005578,               0.005578,               0.005578
                    137,                0.56249,                0.34348,                0.93905,                0.96429,                0.95672,                0.98493,                0.88134,                0.50611,                0.29084,                0.89488,               0.005545,               0.005545,               0.005545
                    138,                0.56696,                0.34852,                0.94182,                0.96122,                0.95391,                0.98403,                 0.8805,                0.51046,                 0.2917,                0.89626,               0.005512,               0.005512,               0.005512
                    139,                0.57437,                0.34458,                0.94465,                0.97033,                0.94991,                0.98421,                0.87818,                0.51574,                0.29561,                0.90293,               0.005479,               0.005479,               0.005479
                    140,                0.56415,                0.34102,                 0.9393,                0.97003,                0.94746,                 0.9829,                0.87755,                0.51027,                0.29547,                0.90149,               0.005446,               0.005446,               0.005446
                    141,                0.55646,                0.34337,                  0.934,                0.97781,                0.94226,                0.98366,                0.88081,                0.50854,                0.29114,                0.89694,               0.005413,               0.005413,               0.005413
                    142,                0.56051,                0.34446,                0.94252,                0.97038,                 0.9548,                0.98431,                0.88101,                0.50983,                0.28838,                0.89918,                0.00538,                0.00538,                0.00538
                    143,                0.55193,                0.33667,                0.93328,                0.96841,                0.95235,                0.98419,                0.88139,                0.51289,                0.28821,                 0.9042,               0.005347,               0.005347,               0.005347
                    144,                0.56215,                 0.3446,                  0.938,                0.97422,                0.94664,                0.98363,                 0.8796,                0.51324,                0.28799,                0.90151,               0.005314,               0.005314,               0.005314
                    145,                0.55584,                0.34188,                0.93847,                0.97458,                0.94258,                0.98351,                0.88051,                0.51173,                0.28768,                0.90029,               0.005281,               0.005281,               0.005281
                    146,                0.55565,                0.34452,                0.92965,                0.95845,                0.95812,                0.98108,                0.87827,                0.51298,                0.29133,                0.89965,               0.005248,               0.005248,               0.005248
                    147,                0.55442,                0.33939,                0.93246,                0.96201,                0.95174,                0.98155,                0.87747,                0.51081,                0.28769,                0.89802,               0.005215,               0.005215,               0.005215
                    148,                0.55089,                0.33734,                 0.9309,                 0.9618,                 0.9535,                0.98242,                0.87639,                0.51265,                0.28756,                0.90055,               0.005182,               0.005182,               0.005182
                    149,                0.55572,                0.33502,                0.93746,                0.97478,                 0.9446,                0.98243,                0.87823,                0.51361,                0.28644,                0.90366,               0.005149,               0.005149,               0.005149
                    150,                0.55505,                0.34106,                0.93631,                0.96615,                 0.9493,                0.98258,                0.87899,                0.51589,                0.28473,                0.90408,               0.005116,               0.005116,               0.005116
                    151,                0.54843,                0.33644,                0.93077,                0.97115,                0.94575,                0.98214,                0.87741,                0.51751,                0.28579,                 0.9068,               0.005083,               0.005083,               0.005083
                    152,                0.55389,                0.33626,                0.93283,                0.97228,                 0.9493,                0.98285,                0.87468,                 0.5173,                0.28422,                 0.9031,                0.00505,                0.00505,                0.00505
                    153,                0.56238,                0.33566,                0.93415,                 0.9727,                0.94991,                0.98279,                0.87638,                0.51867,                0.28311,                0.90201,               0.005017,               0.005017,               0.005017
                    154,                0.55499,                 0.3411,                0.93233,                0.97659,                0.94296,                0.98232,                0.87684,                0.51898,                0.28644,                0.90217,               0.004984,               0.004984,               0.004984
                    155,                0.54832,                 0.3339,                0.92916,                0.96846,                 0.9493,                0.98156,                 0.8785,                 0.5171,                0.28414,                0.90159,               0.004951,               0.004951,               0.004951
                    156,                0.55244,                0.33602,                0.93706,                0.96324,                0.95602,                0.98249,                0.87678,                0.52133,                0.28565,                0.90595,               0.004918,               0.004918,               0.004918
                    157,                0.55185,                0.33578,                0.93182,                0.95837,                0.95639,                0.98159,                0.87789,                 0.5205,                0.28416,                0.90575,               0.004885,               0.004885,               0.004885
                    158,                 0.5518,                0.33384,                0.93275,                0.96688,                0.94746,                0.98281,                0.87915,                 0.5189,                0.28227,                 0.9048,               0.004852,               0.004852,               0.004852
                    159,                0.55197,                0.33354,                0.93253,                0.97341,                0.94258,                0.98231,                0.88046,                0.51672,                0.28256,                0.90355,               0.004819,               0.004819,               0.004819
                    160,                0.55234,                0.33254,                0.93263,                0.96141,                0.95873,                0.98219,                0.88299,                0.51154,                0.28006,                0.89939,               0.004786,               0.004786,               0.004786
                    161,                0.54839,                0.33222,                0.93481,                0.97184,                0.94685,                0.98174,                0.88142,                0.51345,                0.28057,                0.90155,               0.004753,               0.004753,               0.004753
                    162,                0.54606,                 0.3334,                0.93432,                0.96881,                0.95113,                0.98095,                0.88115,                0.51435,                0.28112,                0.90324,                0.00472,                0.00472,                0.00472
                    163,                0.55181,                0.33264,                0.93398,                0.97053,                 0.9493,                0.98233,                0.88035,                0.51376,                0.28183,                 0.9004,               0.004687,               0.004687,               0.004687
                    164,                0.54772,                0.33469,                0.92802,                0.96199,                0.95852,                0.98211,                0.88132,                0.50864,                0.28143,                0.89776,               0.004654,               0.004654,               0.004654
                    165,                0.54413,                0.32523,                0.92568,                0.97477,                0.94422,                 0.9823,                0.88262,                0.50594,                0.28325,                0.89703,               0.004621,               0.004621,               0.004621
                    166,                0.54219,                0.33286,                0.92768,                0.96257,                0.95832,                0.98283,                0.88356,                0.50284,                0.28214,                0.89621,               0.004588,               0.004588,               0.004588
                    167,                0.55088,                0.33377,                0.93332,                 0.9709,                0.95418,                0.98213,                0.88323,                0.50262,                0.28308,                0.89685,               0.004555,               0.004555,               0.004555
                    168,                 0.5422,                0.32682,                0.92814,                0.97247,                0.94938,                0.98239,                0.88173,                0.50698,                0.28161,                0.89976,               0.004522,               0.004522,               0.004522
                    169,                0.54373,                0.33102,                0.92895,                0.96942,                0.95235,                0.98217,                0.88301,                0.50654,                0.27995,                0.89897,               0.004489,               0.004489,               0.004489
                    170,                0.54068,                0.32727,                0.92648,                 0.9703,                0.95174,                0.98206,                 0.8831,                0.50731,                0.28215,                0.89785,               0.004456,               0.004456,               0.004456
                    171,                0.54071,                0.32665,                0.92948,                0.96952,                0.95221,                0.98208,                0.88194,                0.50789,                 0.2836,                0.89669,               0.004423,               0.004423,               0.004423
                    172,                0.54182,                0.32524,                0.92977,                0.96908,                0.95235,                0.98215,                0.88415,                0.50667,                 0.2825,                0.89521,                0.00439,                0.00439,                0.00439
                    173,                0.54146,                0.32679,                0.93057,                0.97145,                0.94991,                0.98253,                0.88284,                0.50745,                 0.2804,                0.89651,               0.004357,               0.004357,               0.004357
                    174,                0.53845,                0.32621,                0.92661,                0.97282,                0.95235,                0.98352,                0.88439,                0.50719,                0.27918,                0.89842,               0.004324,               0.004324,               0.004324
                    175,                 0.5441,                0.32379,                0.92928,                0.97137,                0.95052,                0.98367,                0.88462,                 0.5064,                0.28117,                0.89815,               0.004291,               0.004291,               0.004291
                    176,                0.53671,                0.32192,                0.92324,                0.97125,                0.94933,                0.98345,                0.88487,                0.50691,                0.28081,                0.89779,               0.004258,               0.004258,               0.004258
                    177,                0.53594,                0.32245,                0.92704,                0.97128,                0.95028,                0.98307,                 0.8847,                0.50651,                0.28149,                0.89679,               0.004225,               0.004225,               0.004225
                    178,                 0.5379,                0.32583,                0.92717,                0.96991,                0.95174,                0.98168,                0.88366,                0.50835,                0.28068,                0.89866,               0.004192,               0.004192,               0.004192
                    179,                0.52906,                0.32294,                0.91776,                0.97248,                0.94969,                0.98115,                0.88366,                0.50707,                0.27852,                0.89807,               0.004159,               0.004159,               0.004159
                    180,                0.53607,                0.32641,                0.92563,                0.96206,                0.96032,                0.98179,                0.88464,                0.50608,                0.27856,                0.89682,               0.004126,               0.004126,               0.004126
                    181,                0.53454,                0.32138,                0.92236,                0.97462,                0.94991,                0.98198,                0.88391,                0.50621,                0.27867,                0.89866,               0.004093,               0.004093,               0.004093
                    182,                0.52484,                0.31933,                0.92321,                 0.9725,                0.95068,                0.98214,                0.88381,                0.50888,                0.27965,                0.90112,                0.00406,                0.00406,                0.00406
                    183,                0.52614,                0.31683,                0.92054,                0.97039,                0.95174,                0.98179,                0.88377,                0.50744,                0.27945,                0.90132,               0.004027,               0.004027,               0.004027
                    184,                0.52943,                0.31453,                0.92335,                0.97221,                0.95113,                0.98174,                0.88602,                0.50677,                0.27857,                0.90141,               0.003994,               0.003994,               0.003994
                    185,                0.52949,                0.31894,                 0.9258,                0.97088,                0.95296,                0.98189,                0.88528,                0.50724,                0.27866,                0.90261,               0.003961,               0.003961,               0.003961
                    186,                0.53867,                0.32702,                0.93074,                 0.9723,                0.94991,                0.98209,                0.88424,                0.50666,                0.27926,                0.90272,               0.003928,               0.003928,               0.003928
                    187,                0.53219,                0.31734,                0.92224,                0.96822,                0.95418,                 0.9816,                0.88509,                 0.5065,                0.27797,                0.90251,               0.003895,               0.003895,               0.003895
                    188,                0.52738,                0.31716,                0.92512,                 0.9694,                0.95357,                0.98112,                0.88437,                0.50541,                0.27756,                0.90118,               0.003862,               0.003862,               0.003862
                    189,                0.52927,                0.31714,                0.92587,                0.96934,                0.95418,                0.98136,                0.88404,                 0.5055,                0.27778,                0.90069,               0.003829,               0.003829,               0.003829
                    190,                0.51853,                0.31503,                0.92014,                0.96959,                0.95442,                0.98081,                0.88383,                0.50622,                0.27846,                0.90112,               0.003796,               0.003796,               0.003796
                    191,                0.52023,                0.31345,                0.91948,                0.97004,                 0.9548,                0.98057,                0.88358,                0.50462,                0.27728,                0.89995,               0.003763,               0.003763,               0.003763
                    192,                0.52389,                0.31421,                0.92407,                0.96779,                0.95418,                0.98105,                0.88467,                0.50272,                0.27633,                0.89892,                0.00373,                0.00373,                0.00373
                    193,                0.52832,                0.31359,                0.92697,                0.96769,                0.95357,                0.98141,                0.88473,                0.50272,                0.27522,                0.89961,               0.003697,               0.003697,               0.003697
                    194,                0.52203,                0.31364,                0.92157,                0.96898,                0.95399,                0.98115,                0.88479,                0.50162,                0.27538,                0.89862,               0.003664,               0.003664,               0.003664
                    195,                0.51599,                0.31104,                0.91734,                0.96784,                0.95357,                0.98116,                0.88468,                0.50268,                0.27687,                0.89876,               0.003631,               0.003631,               0.003631
                    196,                0.52433,                0.31159,                0.92121,                0.96779,                0.95357,                0.98107,                0.88628,                0.50294,                0.27679,                0.89887,               0.003598,               0.003598,               0.003598
                    197,                0.52728,                0.31851,                0.92723,                0.97548,                0.94788,                0.98104,                0.88692,                0.50282,                0.27708,                0.89945,               0.003565,               0.003565,               0.003565
                    198,                0.52593,                0.31094,                0.92535,                0.97598,                0.94991,                0.98141,                0.88739,                0.50252,                0.27753,                0.89937,               0.003532,               0.003532,               0.003532
                    199,                0.51801,                0.31093,                0.92183,                0.97736,                0.94939,                 0.9815,                0.88711,                0.50257,                0.27805,                0.89924,               0.003499,               0.003499,               0.003499
                    200,                0.51731,                0.30916,                0.92314,                0.97798,                0.94953,                0.98122,                0.88651,                0.50307,                0.27879,                0.89969,               0.003466,               0.003466,               0.003466
                    201,                0.51472,                0.30678,                0.92084,                0.97739,                0.95059,                0.98151,                0.88788,                0.50319,                0.27848,                0.89998,               0.003433,               0.003433,               0.003433
                    202,                0.52382,                0.31119,                0.91979,                0.97655,                0.94991,                0.98162,                 0.8869,                0.50392,                0.27865,                0.90034,                 0.0034,                 0.0034,                 0.0034
                    203,                0.52283,                0.30954,                0.92654,                0.97404,                0.95113,                0.98175,                0.88653,                 0.5037,                0.27844,                0.90092,               0.003367,               0.003367,               0.003367
                    204,                0.51698,                0.31064,                0.91439,                0.97367,                0.95113,                0.98215,                0.88736,                0.50385,                0.27932,                0.90109,               0.003334,               0.003334,               0.003334
                    205,                0.52425,                0.31358,                0.92462,                0.97437,                0.95227,                0.98203,                 0.8867,                0.50356,                0.27768,                0.90033,               0.003301,               0.003301,               0.003301
                    206,                0.51153,                0.30708,                0.91573,                0.97435,                0.95154,                0.98171,                0.88691,                0.50328,                0.27626,                0.90002,               0.003268,               0.003268,               0.003268
                    207,                0.51347,                0.30566,                0.91903,                0.97435,                0.95138,                0.98179,                0.88772,                0.50258,                0.27642,                0.89937,               0.003235,               0.003235,               0.003235
                    208,                0.51562,                0.30507,                0.92104,                0.97201,                0.95357,                0.98187,                0.88686,                0.50164,                 0.2762,                0.89842,               0.003202,               0.003202,               0.003202
                    209,                0.51028,                0.30612,                0.92325,                0.97275,                0.95357,                0.98206,                0.88806,                0.50217,                0.27609,                0.89876,               0.003169,               0.003169,               0.003169
                    210,                0.50921,                 0.3025,                0.92072,                  0.972,                0.95357,                0.98231,                 0.8883,                0.50274,                0.27639,                0.89873,               0.003136,               0.003136,               0.003136
                    211,                0.51106,                0.30667,                0.91978,                0.97357,                0.95357,                0.98226,                 0.8883,                0.50239,                0.27728,                0.89803,               0.003103,               0.003103,               0.003103
                    212,                0.51608,                0.30616,                0.92581,                  0.974,                0.95357,                0.98232,                0.88784,                0.50269,                0.27768,                 0.8983,                0.00307,                0.00307,                0.00307
                    213,                0.50908,                0.30297,                0.91857,                 0.9726,                0.95426,                0.98245,                0.88758,                0.50212,                0.27782,                0.89823,               0.003037,               0.003037,               0.003037
                    214,                0.50643,                0.30016,                0.92124,                0.97191,                0.95541,                0.98249,                0.88816,                0.50111,                0.27756,                 0.8976,               0.003004,               0.003004,               0.003004
                    215,                0.49936,                0.29657,                0.90989,                0.97119,                0.95602,                0.98249,                0.88745,                0.50144,                 0.2771,                0.89777,               0.002971,               0.002971,               0.002971
                    216,                0.51661,                0.30607,                 0.9216,                0.97027,                0.95709,                0.98223,                0.88707,                0.50085,                0.27795,                 0.8971,               0.002938,               0.002938,               0.002938
                    217,                 0.5082,                0.30254,                0.91781,                0.96936,                0.95785,                0.98206,                0.88774,                0.50063,                0.27789,                0.89692,               0.002905,               0.002905,               0.002905
                    218,                0.50185,                0.30001,                0.91207,                0.97078,                0.95663,                0.98253,                0.88834,                0.50137,                0.27886,                0.89764,               0.002872,               0.002872,               0.002872
                    219,                0.50602,                0.29963,                0.91353,                0.97198,                0.95372,                0.98196,                0.88773,                0.50153,                 0.2786,                0.89792,               0.002839,               0.002839,               0.002839
                    220,                0.50449,                0.29978,                0.91694,                0.97138,                0.95363,                0.98194,                0.88778,                 0.5016,                0.27803,                0.89809,               0.002806,               0.002806,               0.002806
                    221,                0.50166,                0.29554,                0.91242,                0.97138,                0.95358,                0.98173,                0.88792,                0.50138,                0.27723,                0.89813,               0.002773,               0.002773,               0.002773
                    222,                0.50482,                0.29985,                0.91783,                0.97137,                0.95343,                0.98174,                0.88768,                0.50169,                 0.2772,                0.89857,                0.00274,                0.00274,                0.00274
                    223,                0.49692,                0.29314,                0.91158,                0.97265,                0.95577,                0.98239,                0.88744,                0.50153,                0.27687,                0.89857,               0.002707,               0.002707,               0.002707
                    224,                 0.5021,                0.30368,                0.91283,                0.97153,                0.95418,                0.98173,                 0.8875,                0.50058,                0.27688,                0.89815,               0.002674,               0.002674,               0.002674
                    225,                0.50776,                0.29801,                0.92227,                 0.9708,                0.95541,                 0.9822,                0.88743,                0.50042,                 0.2777,                0.89819,               0.002641,               0.002641,               0.002641
                    226,                0.49651,                0.29432,                0.91418,                0.97382,                 0.9544,                0.98238,                0.88781,                0.50089,                0.27808,                0.89883,               0.002608,               0.002608,               0.002608
                    227,                0.50007,                0.29689,                 0.9134,                0.97661,                0.95174,                0.98238,                0.88809,                0.50027,                0.27763,                0.89867,               0.002575,               0.002575,               0.002575
                    228,                0.49893,                0.29554,                0.91399,                0.97503,                  0.954,                0.98195,                 0.8886,                0.50075,                0.27695,                0.89904,               0.002542,               0.002542,               0.002542
                    229,                0.49865,                0.29392,                 0.9128,                0.97472,                0.95418,                0.98235,                0.88853,                0.50021,                0.27699,                0.89866,               0.002509,               0.002509,               0.002509
                    230,                0.49851,                 0.2954,                0.91151,                0.97416,                0.95418,                0.98212,                0.88794,                0.50062,                0.27643,                0.89901,               0.002476,               0.002476,               0.002476
                    231,                0.49291,                0.29192,                0.90962,                0.97405,                0.95418,                0.98216,                0.88803,                0.50098,                0.27667,                0.89967,               0.002443,               0.002443,               0.002443
                    232,                0.49858,                 0.2899,                0.90871,                0.97432,                0.95418,                0.98233,                0.88743,                0.50167,                0.27665,                0.90033,                0.00241,                0.00241,                0.00241
                    233,                0.49126,                0.28875,                0.91279,                0.97698,                0.95174,                0.98225,                0.88699,                0.50113,                0.27628,                0.90011,               0.002377,               0.002377,               0.002377
                    234,                0.49633,                0.29525,                0.90948,                0.97523,                0.95296,                0.98225,                 0.8868,                0.50086,                0.27614,                0.89998,               0.002344,               0.002344,               0.002344
                    235,                0.49069,                  0.286,                0.90749,                0.97682,                 0.9523,                0.98214,                0.88657,                0.50092,                0.27598,                0.90027,               0.002311,               0.002311,               0.002311
                    236,                0.48642,                0.28675,                0.90924,                0.97681,                0.95187,                0.98195,                0.88674,                 0.5015,                0.27596,                0.90096,               0.002278,               0.002278,               0.002278
                    237,                0.49328,                0.29034,                0.91375,                 0.9772,                0.95174,                0.98192,                0.88624,                0.50244,                0.27687,                0.90143,               0.002245,               0.002245,               0.002245
                    238,                0.48384,                0.28581,                0.90852,                 0.9768,                 0.9518,                0.98188,                 0.8866,                0.50261,                0.27708,                 0.9015,               0.002212,               0.002212,               0.002212
                    239,                0.49115,                0.28776,                0.91084,                0.97619,                0.95175,                0.98183,                0.88612,                0.50239,                0.27683,                0.90157,               0.002179,               0.002179,               0.002179
                    240,                0.48766,                0.28789,                0.90732,                0.97619,                0.95191,                0.98182,                0.88645,                0.50314,                0.27614,                0.90229,               0.002146,               0.002146,               0.002146
                    241,                0.49455,                0.29132,                0.91704,                0.97589,                0.95296,                0.98169,                0.88624,                0.50268,                0.27636,                0.90206,               0.002113,               0.002113,               0.002113
                    242,                0.48674,                0.28261,                0.91059,                0.97459,                0.95296,                0.98162,                0.88599,                0.50234,                 0.2765,                 0.9017,                0.00208,                0.00208,                0.00208
                    243,                 0.4842,                0.28318,                 0.9073,                0.97439,                0.95299,                0.98174,                0.88663,                0.50263,                0.27682,                0.90175,               0.002047,               0.002047,               0.002047
                    244,                0.49703,                0.29122,                0.91293,                0.97491,                0.95296,                0.98165,                0.88625,                0.50277,                0.27719,                 0.9017,               0.002014,               0.002014,               0.002014
                    245,                0.48841,                0.28577,                0.91195,                0.97413,                0.95296,                0.98146,                0.88621,                0.50233,                0.27749,                0.90135,               0.001981,               0.001981,               0.001981
                    246,                0.48759,                0.28867,                0.91028,                 0.9742,                0.95235,                0.98126,                 0.8863,                0.50249,                0.27694,                0.90151,               0.001948,               0.001948,               0.001948
                    247,                0.48716,                0.28636,                0.90979,                 0.9723,                0.95418,                0.98128,                0.88653,                0.50227,                0.27652,                0.90151,               0.001915,               0.001915,               0.001915
                    248,                0.47782,                0.28298,                 0.9052,                0.97603,                0.95052,                0.98133,                0.88705,                0.50258,                0.27652,                0.90199,               0.001882,               0.001882,               0.001882
                    249,                0.48166,                0.27983,                 0.9059,                0.97798,                0.94953,                0.98099,                0.88657,                0.50207,                0.27674,                0.90152,               0.001849,               0.001849,               0.001849
                    250,                 0.4873,                0.28364,                0.90759,                0.97764,                0.94869,                0.98097,                0.88659,                0.50194,                0.27624,                0.90164,               0.001816,               0.001816,               0.001816
                    251,                0.48183,                0.28202,                0.90758,                0.97735,                0.94911,                0.98056,                0.88655,                0.50108,                0.27626,                0.90092,               0.001783,               0.001783,               0.001783
                    252,                0.48716,                0.28017,                0.90724,                0.97317,                0.95265,                0.98083,                0.88699,                0.50155,                0.27622,                0.90122,                0.00175,                0.00175,                0.00175
                    253,                0.48465,                0.28631,                 0.9084,                0.97577,                0.95052,                  0.981,                0.88736,                 0.5016,                0.27636,                0.90151,               0.001717,               0.001717,               0.001717
                    254,                0.48153,                0.28114,                0.90943,                0.97103,                0.95418,                0.98104,                 0.8874,                  0.502,                0.27656,                0.90162,               0.001684,               0.001684,               0.001684
                    255,                 0.4733,                0.27956,                 0.9022,                 0.9708,                0.95465,                  0.981,                0.88661,                0.50217,                0.27662,                 0.9017,               0.001651,               0.001651,               0.001651
                    256,                0.47812,                0.27945,                0.90148,                0.97081,                0.95494,                0.98099,                0.88675,                0.50234,                0.27656,                0.90218,               0.001618,               0.001618,               0.001618
                    257,                0.47806,                0.27489,                0.90235,                0.97021,                0.95495,                0.98099,                0.88689,                0.50274,                0.27685,                0.90261,               0.001585,               0.001585,               0.001585
                    258,                0.47537,                0.27967,                0.90519,                0.97021,                0.95485,                0.98103,                0.88634,                0.50386,                0.27654,                0.90359,               0.001552,               0.001552,               0.001552
                    259,                0.47225,                0.27456,                0.90405,                0.97311,                0.95053,                0.98101,                0.88663,                0.50384,                0.27666,                0.90365,               0.001519,               0.001519,               0.001519
                    260,                0.46956,                0.27713,                0.90349,                0.97758,                0.94808,                0.98104,                0.88654,                0.50386,                0.27686,                0.90368,               0.001486,               0.001486,               0.001486
                    261,                0.47157,                0.27582,                0.90465,                0.97737,                0.94746,                0.98111,                 0.8869,                0.50428,                0.27693,                0.90407,               0.001453,               0.001453,               0.001453
                    262,                0.47131,                0.27532,                0.90986,                0.97734,                0.94852,                0.98106,                0.88658,                0.50458,                0.27741,                0.90435,                0.00142,                0.00142,                0.00142
                    263,                0.47288,                0.27537,                0.90846,                0.97733,                0.94818,                0.98106,                0.88673,                0.50434,                0.27718,                0.90432,               0.001387,               0.001387,               0.001387
                    264,                0.47099,                0.27398,                0.90723,                0.97734,                0.94837,                0.98104,                0.88698,                 0.5043,                0.27726,                0.90448,               0.001354,               0.001354,               0.001354
                    265,                0.46091,                0.26807,                0.90031,                0.97734,                0.94842,                 0.9811,                0.88722,                0.50407,                0.27755,                0.90437,               0.001321,               0.001321,               0.001321
                    266,                 0.4717,                0.27397,                0.90422,                0.97733,                0.94823,                0.98106,                0.88681,                0.50396,                0.27736,                0.90433,               0.001288,               0.001288,               0.001288
                    267,                0.47156,                0.28017,                 0.9061,                0.97733,                0.94828,                  0.981,                0.88641,                0.50384,                0.27749,                0.90443,               0.001255,               0.001255,               0.001255
                    268,                0.46798,                0.27504,                0.90167,                0.97748,                0.94808,                  0.981,                0.88681,                0.50383,                0.27765,                0.90455,               0.001222,               0.001222,               0.001222
                    269,                0.46485,                0.27174,                0.90079,                0.97696,                0.94808,                0.98101,                 0.8864,                0.50388,                0.27753,                0.90467,               0.001189,               0.001189,               0.001189
                    270,                 0.4638,                0.26933,                0.89711,                0.97709,                0.94808,                  0.981,                0.88655,                0.50408,                0.27785,                0.90487,               0.001156,               0.001156,               0.001156
                    271,                0.46701,                0.27077,                0.90387,                0.97776,                0.94808,                0.98087,                0.88621,                0.50391,                 0.2779,                0.90474,               0.001123,               0.001123,               0.001123
                    272,                0.46526,                0.26788,                0.89922,                0.97775,                0.94808,                0.98083,                0.88582,                  0.504,                0.27888,                0.90457,                0.00109,                0.00109,                0.00109
                    273,                0.46495,                0.27031,                0.90049,                0.97761,                0.94808,                0.98082,                 0.8856,                0.50373,                0.27906,                0.90436,               0.001057,               0.001057,               0.001057
                    274,                0.45959,                0.26666,                0.89828,                0.97715,                0.94808,                0.98071,                0.88636,                0.50373,                0.27924,                 0.9044,               0.001024,               0.001024,               0.001024
                    275,                0.46201,                0.26775,                0.90026,                0.97081,                0.95481,                 0.9809,                0.88681,                0.50376,                0.27919,                0.90449,               0.000991,               0.000991,               0.000991
                    276,                0.46013,                0.26733,                0.90061,                0.97794,                0.94785,                0.98095,                0.88685,                0.50376,                0.27961,                0.90459,               0.000958,               0.000958,               0.000958
                    277,                 0.4588,                0.26717,                0.89873,                0.97794,                0.94771,                0.98094,                 0.8867,                0.50376,                0.27973,                 0.9047,               0.000925,               0.000925,               0.000925
                    278,                0.45361,                0.26709,                0.89583,                0.97757,                0.94685,                0.98097,                0.88715,                0.50352,                 0.2793,                0.90462,               0.000892,               0.000892,               0.000892
